{
  "1": {"diameter": 107.90395074884886, "min_x": -35.5603, "min_y": -33.0279, "min_z": -41.7773, "size_x": 71.1206, "size_y": 66.0558, "size_z": 83.5546},
  "2": {"diameter": 153.86734989834588, "min_x": -21.7396, "min_y": -32.3161, "min_z": -74.1645, "size_x": 43.4792, "size_y": 64.6322, "size_z": 148.329},
  "3": {"diameter": 115.0219255849075, "min_x": -11.9681, "min_y": -51.6507, "min_z": -26.4132, "size_x": 23.9362, "size_y": 103.3014, "size_z": 52.8264},
  "4": {"diameter": 89.57662934030282, "min_x": -35.5616, "min_y": -33.0836, "min_z": -29.1079, "size_x": 71.1232, "size_y": 66.1672, "size_z": 58.2158},
  "5": {"diameter": 98.04896178532438, "min_x": -14.9617, "min_y": -41.7488, "min_z": -24.7359, "size_x": 29.9234, "size_y": 83.4976, "size_z": 49.4718},
  "6": {"diameter": 208.68826244913728, "min_x": -20.0761, "min_y": -61.3728, "min_z": -83.6214, "size_x": 40.1522, "size_y": 122.7456, "size_z": 167.2428},
  "7": {"diameter": 89.59045293299951, "min_x": -35.4542, "min_y": -33.051, "min_z": -29.0196, "size_x": 70.9084, "size_y": 66.102, "size_z": 58.0392},
  "8": {"diameter": 115.63700397874376, "min_x": -12.1156, "min_y": -51.7952, "min_z": -26.6029, "size_x": 24.2312, "size_y": 103.5904, "size_z": 53.2058},
  "9": {"diameter": 206.00374595550443, "min_x": -19.3692, "min_y": -82.6692, "min_z": -62.0028, "size_x": 38.7384, "size_y": 165.3384, "size_z": 124.0056},
  "10": {"diameter": 89.72272890505505, "min_x": -35.304, "min_y": -32.8659, "min_z": -28.7937, "size_x": 70.608, "size_y": 65.7318, "size_z": 57.5874},
  "11": {"diameter": 153.88122106127832, "min_x": -21.6841, "min_y": -32.2569, "min_z": -74.3039, "size_x": 43.3682, "size_y": 64.5138, "size_z": 148.6078},
  "12": {"diameter": 207.05859531183438, "min_x": -20.0904, "min_y": -61.7545, "min_z": -83.1281, "size_x": 40.1808, "size_y": 123.509, "size_z": 166.2562},
  "13": {"diameter": 153.42573610216118, "min_x": -20.5155, "min_y": -32.2707, "min_z": -73.9512, "size_x": 41.031, "size_y": 64.5414, "size_z": 147.9024},
  "14": {"diameter": 204.51254605295003, "min_x": -36.6311, "min_y": -36.0773, "min_z": -95.1789, "size_x": 73.2622, "size_y": 72.1546, "size_z": 190.3578},
  "15": {"diameter": 75.71437884404784, "min_x": -35.3993, "min_y": -32.9349, "min_z": -16.6608, "size_x": 70.7986, "size_y": 65.8698, "size_z": 33.3216},
  "16": {"diameter": 161.46611668783638, "min_x": -24.2871, "min_y": -32.5666, "min_z": -80.0252, "size_x": 48.5742, "size_y": 65.1332, "size_z": 160.0504},
  "17": {"diameter": 205.71339552729665, "min_x": -36.3907, "min_y": -35.7917, "min_z": -96.2414, "size_x": 72.7814, "size_y": 71.5834, "size_z": 192.4828},
  "18": {"diameter": 122.84144407149405, "min_x": -33.0464, "min_y": -35.5584, "min_z": -51.4312, "size_x": 66.0928, "size_y": 71.1168, "size_z": 102.8624},
  "19": {"diameter": 89.17275048595282, "min_x": -35.4811, "min_y": -32.9631, "min_z": -28.8905, "size_x": 70.9622, "size_y": 65.9262, "size_z": 57.781},
  "20": {"diameter": 89.8618896180689, "min_x": -35.3179, "min_y": -32.9591, "min_z": -29.2561, "size_x": 70.6358, "size_y": 65.9182, "size_z": 58.5122},
  "21": {"diameter": 89.19373764777436, "min_x": -34.7997, "min_y": -32.8375, "min_z": -28.8113, "size_x": 69.5994, "size_y": 65.675, "size_z": 57.6226},
  "22": {"diameter": 152.43639231955078, "min_x": -19.1262, "min_y": -63.246, "min_z": -42.4885, "size_x": 38.2524, "size_y": 126.492, "size_z": 84.977},
  "23": {"diameter": 151.267792237277, "min_x": -19.8759, "min_y": -42.9375, "min_z": -61.5877, "size_x": 39.7518, "size_y": 85.875, "size_z": 123.1754},
  "24": {"diameter": 151.28254268599534, "min_x": -21.8478, "min_y": -32.0195, "min_z": -73.7203, "size_x": 43.6956, "size_y": 64.039, "size_z": 147.4406},
  "25": {"diameter": 252.84045538342951, "min_x": -14.2463, "min_y": -124.9403, "min_z": -24.9184, "size_x": 28.4926, "size_y": 249.8806, "size_z": 49.8368},
  "26": {"diameter": 107.14106733671268, "min_x": -35.0991, "min_y": -33.2349, "min_z": -41.4234, "size_x": 70.1982, "size_y": 66.4698, "size_z": 82.8468},
  "27": {"diameter": 76.05824628855177, "min_x": -35.4032, "min_y": -32.9184, "min_z": -16.2854, "size_x": 70.8064, "size_y": 65.8368, "size_z": 32.5708},
  "28": {"diameter": 82.93534152519058, "min_x": -33.981, "min_y": -33.9577, "min_z": -26.8385, "size_x": 67.962, "size_y": 67.9154, "size_z": 53.677}
}